{"cameraMode":{"drawMode":0,"name":"Shaded","section":"Shading Mode"},"sceneLighting":false,"audioPlay":false,"sceneViewState":{"m_AlwaysRefresh":false,"showFog":true,"showSkybox":false,"showFlares":true,"showImageEffects":true,"showParticleSystems":true,"showVisualEffectGraphs":true,"m_FxEnabled":true},"in2DMode":false,"pivot":{"x":11.479229927062989,"y":0.07800006866455078,"z":-2.173766613006592},"rotation":{"x":-0.16161958873271943,"y":0.7606483101844788,"z":-0.20708805322647096,"w":-0.5936395525932312},"size":7.8686676025390629,"orthographic":false}