{"cameraMode":{"drawMode":0,"name":"Shaded","section":"Shading Mode"},"sceneLighting":false,"audioPlay":false,"sceneViewState":{"m_AlwaysRefresh":false,"showFog":true,"showSkybox":false,"showFlares":true,"showImageEffects":true,"showParticleSystems":true,"showVisualEffectGraphs":true,"m_FxEnabled":true},"in2DMode":false,"pivot":{"x":-0.47482872009277346,"y":0.8526105284690857,"z":62.664588928222659},"rotation":{"x":-0.16161958873271943,"y":0.7606483101844788,"z":-0.20708805322647096,"w":-0.5936395525932312},"size":12.209673881530762,"orthographic":false}